Title,Artist,Album,Release Date,Popularity,Duration (s),Explicit,Danceability,Energy,Tempo,Country,Duration (m)
Si No Estás,iñigo quintero,Si No Estás,2022-09-23,98,184.061,False,53.7,42.1,98.224,ES,3.0676833333333335
Lollipop,Darell,EVERYBODY GO TO THE DISCOTEK,2023-07-28,92,199.946,True,82.19999999999999,71.1,102.984,ES,3.3324333333333334
PERRO NEGRO,"Bad Bunny, Feid",nadie sabe lo que va a pasar mañana,2023-10-13,96,162.767,True,91.1,77.8,96.057,ES,2.7127833333333333
El Mambo,Kiko Rivera,El Mambo,2023-07-13,82,129.845,False,88.4,71.8,139.991,ES,2.164083333333333
OA,"Anuel AA, Quevedo, Maluma, Mambo Kingz, DJ Luian",OA,2023-10-13,85,235.2,True,81.3,86.6,99.994,ES,3.92
MONACO,Bad Bunny,nadie sabe lo que va a pasar mañana,2023-10-13,97,267.194,True,78.7,62.1,139.056,ES,4.453233333333333
REINA,"Mora, Saiko",ESTRELLA,2023-08-28,89,211.879,True,72.39999999999999,57.8,167.985,ES,3.5313166666666667
LALA,Myke Towers,LA VIDA ES UNA,2023-03-23,97,197.92,True,70.8,73.7,91.986,ES,3.2986666666666666
Columbia,Quevedo,Columbia,2023-07-07,95,186.0,False,66.8,71.2,100.02,ES,3.1
MODELITO,"Mora, YOVNGCHIMI",PARAÍSO,2022-11-03,85,190.496,True,71.1,75.2,145.047,ES,3.1749333333333336
SEDA,"Bad Bunny, Bryant Myers",nadie sabe lo que va a pasar mañana,2023-10-13,90,190.476,True,70.6,56.6,125.876,ES,3.1746
HIBIKI,"Bad Bunny, Mora",nadie sabe lo que va a pasar mañana,2023-10-13,92,208.0,True,80.10000000000001,64.5,119.935,ES,3.466666666666667
Buenas,"Quevedo, Saiko",Buenas,2023-09-22,87,192.954,False,62.5,75.5,87.948,ES,3.2159
POLARIS - Remix,"Saiko, Quevedo, Feid, Mora",POLARIS (Remix),2023-06-08,86,288.0,True,62.3,79.9,169.901,ES,4.8
DILUVIO,Rauw Alejandro,PLAYA SATURNO,2023-07-07,82,197.052,True,84.5,79.5,94.969,ES,3.2842
Holanda,Jhayco,Holanda,2023-07-28,92,231.693,True,83.1,75.9,107.961,ES,3.8615500000000003
COSAS QUE NO TE DIJE,Saiko,COSAS QUE NO TE DIJE,2021-09-17,81,224.725,False,61.6,67.30000000000001,99.971,ES,3.7454166666666664
Quien Es Dei V?,Dei V,Quien Es Dei V?,2023-03-17,82,162.244,True,55.7,74.4,100.247,ES,2.704066666666667
QLONA,"KAROL G, Peso Pluma",MAÑANA SERÁ BONITO (BICHOTA SEASON),2023-08-10,94,172.797,True,84.1,73.8,169.918,ES,2.87995
"Milo J: Bzrp Music Sessions, Vol. 57","Bizarrap, Milo j","Milo J: Bzrp Music Sessions, Vol. 57",2023-10-03,89,189.901,False,79.5,55.3,124.109,ES,3.165016666666667
BABY HELLO,"Rauw Alejandro, Bizarrap",PLAYA SATURNO,2023-07-07,79,222.461,True,77.3,89.3,130.013,ES,3.7076833333333337
El Merengue,"Marshmello, Manuel Turizo",El Merengue,2023-03-03,89,189.668,False,77.5,67.7,124.011,ES,3.1611333333333334
FINA,"Bad Bunny, Young Miko",nadie sabe lo que va a pasar mañana,2023-10-13,93,216.327,True,84.7,72.39999999999999,94.601,ES,3.60545
Fruto,"Bizarrap, Milo j",en dormir sin Madrid,2023-10-04,91,132.294,False,80.10000000000001,51.7,160.254,ES,2.2049000000000003
Bandidona,Saiko,Bandidona,2023-10-26,66,160.941,False,63.8,66.0,169.962,ES,2.68235
DONDE SE APRENDE A QUERER?,Mora,ESTRELLA,2023-08-28,87,144.427,False,72.2,51.9,170.058,ES,2.4071166666666666
A 300,"JC Reyes, Pedro Calderon",A 300,2023-02-17,78,169.208,False,79.2,72.5,138.867,ES,2.820133333333333
THUNDER Y LIGHTNING,"Bad Bunny, Eladio Carrion",nadie sabe lo que va a pasar mañana,2023-10-13,87,217.133,True,55.2,74.4,156.027,ES,3.6188833333333337
NO PIENSO LLAMAR,"Soge Culebra, Quevedo, GARABATTO",STORM,2023-10-13,66,198.352,False,67.9,55.60000000000001,169.997,ES,3.3058666666666667
Arena y Sal,"Omar Montes, Saiko, Tunvao",Arena y Sal,2023-05-18,80,174.415,False,72.2,78.2,117.996,ES,2.9069166666666666
LUCES DE TECNO,Feid,"MOR, No Le Temas a La Oscuridad",2023-09-29,81,164.293,False,64.3,65.10000000000001,130.019,ES,2.7382166666666667
SEYA,"GIMS, Morad, SativaMusic",LES DERNIÈRES VOLONTÉS DE MOZART (SYMPHONY),2023-10-05,61,188.484,False,79.80000000000001,68.10000000000001,101.005,ES,3.1414
Los del Espacio,"LIT killah, Tiago PZK, Maria Becerra, Duki, Emilia, Rusherking, Big One, FMK",Los del Espacio,2023-06-01,88,338.0,False,81.3,68.2,120.011,ES,5.633333333333334
El Cielo,"Sky Rompiendo, Feid, Myke Towers",El Cielo,2023-06-02,88,191.32,True,71.5,64.2,105.964,ES,3.1886666666666668
VAGABUNDO,"Sebastian Yatra, Manuel Turizo, Beéle",VAGABUNDO,2023-05-12,87,215.6,False,81.69999999999999,85.1,127.019,ES,3.5933333333333333
Antidepresivos,Saiko,Antidepresivos,2023-08-03,79,145.384,False,72.0,61.3,103.942,ES,2.4230666666666663
No Estuviste En Lo Malo - REMIX,"Morad, Beny Jr, DELLAFUENTE",No Estuviste En Lo Malo (REMIX),2023-10-04,77,268.32,False,72.39999999999999,53.7,125.142,ES,4.4719999999999995
Narcotics (with Bryant Myers),"Dei V, Bryant Myers",Narcotics (with Bryant Myers),2023-09-14,82,173.991,True,71.1,71.8,159.953,ES,2.8998500000000003
Corazón Roto pt. 3,"Brray, Anuel AA, Chencho Corleone, Jhayco, Ryan Castro",Corazón Roto pt. 3,2023-09-08,86,348.4,True,84.1,74.1,92.988,ES,5.806666666666667
Madrid City,Ana Mena,Madrid City,2023-09-29,75,172.727,False,73.0,87.0,132.011,ES,2.8787833333333332
La Bachata,Manuel Turizo,2000,2023-03-17,85,162.637,False,83.5,67.9,124.98,ES,2.7106166666666667
Supernova,Saiko,Supernova,2023-04-19,78,190.909,False,72.5,74.3,87.979,ES,3.1818166666666667
Mi Luz (ft. Rels B),"Rvfv, Rels B",NASTU,2022-01-28,80,168.0,False,70.5,52.6,200.031,ES,2.8
GATITA GANGSTER,"KAROL G, Dei V",MAÑANA SERÁ BONITO (BICHOTA SEASON),2023-08-10,81,170.92,True,82.6,55.2,96.981,ES,2.8486666666666665
Eva Longoria,"Ozuna, Davido",Afro,2023-05-26,79,199.85,False,61.5,67.60000000000001,196.076,ES,3.330833333333333
No_se_ve.mp3,"Emilia, LUDMILLA, ZECCA",No_se_ve.mp3,2023-05-03,84,203.636,True,75.2,66.60000000000001,131.986,ES,3.3939333333333335
Classy 101,"Feid, Young Miko",Classy 101,2023-03-31,93,195.986,True,85.9,65.8,100.065,ES,3.266433333333333
EL TONTO,"Lola Indigo, Quevedo",EL DRAGÓN,2023-04-13,77,187.986,False,80.10000000000001,80.10000000000001,110.029,ES,3.1330999999999998
UN PREVIEW,Bad Bunny,nadie sabe lo que va a pasar mañana,2023-10-13,87,165.582,True,79.5,81.5,94.991,ES,2.7597
GANGSTER (PQFNEDG),"Ovy On The Drums, Quevedo, Yandel",GANGSTER (PQFNEDG),2023-10-19,78,215.47,True,62.7,82.8,176.08,ES,3.5911666666666666
Si No Estás,iñigo quintero,Si No Estás,2022-09-23,98,184.061,False,53.7,42.1,98.224,PT,3.0676833333333335
Carro (feat. Dillaz),"Bárbara Bandeira, Dillaz",Finda,2023-10-06,61,202.624,False,73.3,53.0,114.972,PT,3.3770666666666664
Tempo,Van Zee,Tempo,2020-02-12,68,188.735,False,68.60000000000001,23.8,177.882,PT,3.1455833333333336
DENTRO DA HILUX,"Luan Pereira, MC Ryan SP, Mc Daniel",DENTRO DA HILUX,2023-08-24,88,163.013,False,73.0,51.7,129.987,PT,2.7168833333333335
Alma Nua,Van Zee,Alma Nua,2022-12-16,67,203.684,True,74.9,42.1,76.031,PT,3.3947333333333334
Menina Caliente,"MC Torugo, Dj Ramon Sucesso",Menina Caliente,2023-10-14,56,168.158,False,84.8,62.3,159.9,PT,2.802633333333333
Tá OK,"DENNIS, MC Kevin o Chris",Tá OK,2023-05-04,87,92.093,False,86.3,96.0,130.118,PT,1.5348833333333334
Novo Balanço,"Veigh, Bvga Beatz, Prod Malax, Supernova Ent",Dos Prédios Deluxe,2023-05-19,85,140.322,True,83.6,49.9,124.05,PT,2.3387000000000002
Sai Da Frente,Juliette,Ciclone,2023-08-25,60,167.445,False,86.3,81.5,134.957,PT,2.79075
PIÑA COLADA,"LON3R JOHNY, Plutonio",PIÑA COLADA,2023-07-29,65,202.388,False,70.0,58.7,134.092,PT,3.3731333333333335
Baile do Bruxo,"Tropa do Bruxo, DJ Ws da Igrejinha, SMU, Triz, Mc Menor Thalis",Baile do Bruxo,2023-09-29,83,221.538,True,73.4,22.8,162.524,PT,3.6923000000000004
Chamadas,"Ivandro, Van Zee",Chamadas,2023-09-29,64,156.672,False,64.4,63.2,99.94,PT,2.6111999999999997
Faz um Vuk Vuk (Teto Espelhado),"MC Kevin o Chris, Dj Nk Da Serra",Faz um Vuk Vuk (Teto Espelhado),2023-07-20,88,138.461,True,92.0,41.3,130.078,PT,2.3076833333333338
greedy,Tate McRae,greedy,2023-09-15,99,131.872,True,75.0,73.3,111.018,PT,2.197866666666667
Chakras,"Ivandro, Julinho Ksd",Chakras,2023-04-28,68,196.384,False,76.1,78.60000000000001,99.993,PT,3.2730666666666663
Lapada Dela - Ao Vivo,"Grupo Menos É Mais, Matheus Fernandes",Confia (Ao Vivo),2023-01-20,87,159.322,False,69.1,75.2,167.073,PT,2.6553666666666667
Nosso Quadro,"AgroPlay, Ana Castela",Nosso Quadro,2023-02-02,80,173.698,False,69.1,70.8,160.018,PT,2.894966666666667
MONACO,Bad Bunny,nadie sabe lo que va a pasar mañana,2023-10-13,97,267.194,True,78.7,62.1,139.056,PT,4.453233333333333
Depois de Ontem,GBoss,Depois de Ontem,2023-09-12,62,158.894,False,63.7,54.50000000000001,129.953,PT,2.648233333333333
Tengo,Juliette,Ciclone,2023-08-25,69,129.692,False,72.89999999999999,85.5,129.964,PT,2.1615333333333333
UH LA LA LA,"LON3R JOHNY, Plutonio",ANTI$$OCIAL,2023-04-01,62,180.3,True,85.5,55.1,119.979,PT,3.0050000000000003
Novidade na Área,"Mc Livinho, DJ Matt D",Novidade na Área,2023-06-23,85,120.014,True,62.5,34.0,130.231,PT,2.000233333333333
LALA,Myke Towers,LA VIDA ES UNA,2023-03-23,97,197.92,True,70.8,73.7,91.986,PT,3.2986666666666666
Is It Over Now? (Taylor's Version) (From The Vault),Taylor Swift,1989 (Taylor's Version),2023-10-26,86,229.477,False,59.6,65.8,100.012,PT,3.8246166666666666
Strangers,Kenya Grace,Strangers,2023-09-01,98,172.964,False,62.8,52.3,169.982,PT,2.8827333333333334
Let's Go 4,"Dj GBR, Mc IG, MC Ryan SP, MC PH, Mc Davi, Mc Luki, Mc Don Juan, Mc Kadu, TrapLaudo, MC GP, MC GH do 7",Let's Go 4,2023-08-29,89,641.941,True,78.2,63.1,113.427,PT,10.699016666666667
Perto,Van Zee,Perto,2022-11-18,63,209.538,True,80.10000000000001,25.6,130.101,PT,3.4923
Water,Tyla,Water,2023-07-28,94,200.255,False,67.30000000000001,72.2,117.187,PT,3.3375833333333333
Amar De Cor,Van Zee,Amar De Cor,2023-07-28,62,165.333,False,54.8,45.9,67.828,PT,2.75555
Now That We Don't Talk (Taylor's Version) (From The Vault),Taylor Swift,1989 (Taylor's Version),2023-10-26,85,146.436,False,79.3,51.2,109.994,PT,2.4406000000000003
Colãs,Dillaz,Colãs,2023-08-09,61,193.17,False,67.5,67.10000000000001,164.039,PT,3.2194999999999996
Planeta,"Bispo, Bárbara Tinoco",Planeta,2023-03-24,64,167.012,False,83.7,43.5,75.008,PT,2.783533333333333
Say Don't Go (Taylor's Version) (From The Vault),Taylor Swift,1989 (Taylor's Version),2023-10-26,86,279.833,False,62.6,54.7,109.946,PT,4.663883333333334
Como Tu (feat. Ivandro),"Bárbara Bandeira, Ivandro",Finda,2023-10-06,54,207.873,False,56.2,67.10000000000001,187.57,PT,3.46455
Ballena,"Vulgo FK, MC PH, Veigh, Pedro Lotto, Fepache",Perdas & Ganhos,2023-07-14,84,200.0,False,66.4,50.8,120.313,PT,3.3333333333333335
El Merengue,"Marshmello, Manuel Turizo",El Merengue,2023-03-03,89,189.668,False,77.5,67.7,124.011,PT,3.1611333333333334
Engana Dizendo Que Ama,"Veigh, Tz da Coronel, Toledo, Nagalli, Bvga Beatz, Supernova Ent",Dos Prédios Deluxe,2023-05-19,81,188.497,True,78.9,35.6,111.937,PT,3.1416166666666667
Paint The Town Red,Doja Cat,Scarlet,2023-09-20,89,230.48,True,86.4,55.60000000000001,99.974,PT,3.841333333333333
Style (Taylor's Version),Taylor Swift,1989 (Taylor's Version),2023-10-26,86,231.0,False,57.49999999999999,82.39999999999999,94.971,PT,3.85
Laços,Van Zee,Laços,2023-10-27,46,206.315,False,80.60000000000001,47.9,113.978,PT,3.4385833333333333
Devia Ir,Wet Bed Gang,Devia Ir,2018-07-20,62,293.748,False,69.5,51.3,94.116,PT,4.8957999999999995
Mo Boy,Dillaz,Reflexo,2016-05-26,59,232.0,False,75.6,65.5,180.165,PT,3.8666666666666667
"""Slut!"" (Taylor's Version) (From The Vault)",Taylor Swift,1989 (Taylor's Version),2023-10-26,86,180.381,False,62.9,41.3,77.983,PT,3.00635
Maria Joana,"Nuno Ribeiro, Calema, Mariza",Maria Joana,2023-04-14,65,227.807,False,48.9,80.7,93.417,PT,3.796783333333333
Conexões de Máfia (feat. Rich The Kid),"Matuê, Rich The Kid",Conexões de Máfia (feat. Rich The Kid),2023-04-30,80,221.538,True,77.10000000000001,57.7,116.96,PT,3.6923000000000004
Another Love,Tom Odell,Long Way Down (Deluxe),2013-06-24,92,244.36,True,44.5,53.7,122.769,PT,4.072666666666667
Cruel Summer,Taylor Swift,Lover,2019-08-23,100,178.426,False,55.2,70.19999999999999,169.994,PT,2.9737666666666667
Blank Space (Taylor's Version),Taylor Swift,1989 (Taylor's Version),2023-10-26,85,231.833,False,73.7,72.5,96.012,PT,3.8638833333333333
Loucamente,"D.A.M.A, Los Romeros",Loucamente,2023-05-12,62,222.909,False,70.7,68.10000000000001,151.919,PT,3.71515
WHERE SHE GOES,Bad Bunny,nadie sabe lo que va a pasar mañana,2023-10-13,85,231.704,True,65.10000000000001,79.9,143.992,PT,3.8617333333333335
Petit génie,"Jungeli, Imen Es, Alonzo, Abou Debeing, Lossa",Petit génie,2023-08-04,83,217.142,True,80.0,58.1,126.046,FR,3.6190333333333333
Si No Estás,iñigo quintero,Si No Estás,2022-09-23,98,184.061,False,53.7,42.1,98.224,FR,3.0676833333333335
LAISSE MOI,KeBlack,LAISSE MOI,2023-09-08,81,168.62,True,76.5,71.7,120.025,FR,2.8103333333333333
Casanova,"Soolking, Gazo",Casanova,2023-07-06,87,189.09,False,80.10000000000001,83.2,132.044,FR,3.1515
Saiyan,"Heuss L'enfoiré, Gazo",Chef D'orchestre,2023-06-30,77,189.84,True,77.5,80.80000000000001,125.013,FR,3.164
greedy,Tate McRae,greedy,2023-09-15,99,131.872,True,75.0,73.3,111.018,FR,2.197866666666667
FLASHBACK,"Favé, Gazo",IL LE FALLAIT,2023-10-13,67,176.12,True,76.2,56.39999999999999,141.938,FR,2.9353333333333333
Bolide allemand,SDM,Liens du 100,2022-12-02,80,176.746,True,71.8,64.3,131.825,FR,2.9457666666666666
Meridian,"Dave, Tiakola",Meridian & Special,2023-08-25,67,255.16,True,89.7,66.5,115.05,FR,4.252666666666666
Vois sur ton chemin - Techno Mix,BENNETT,Vois sur ton chemin (Techno Mix),2023-08-04,90,178.156,False,63.4,82.39999999999999,137.959,FR,2.969266666666667
Paint The Town Red,Doja Cat,Scarlet,2023-09-20,89,230.48,True,86.4,55.60000000000001,99.974,FR,3.841333333333333
Strangers,Kenya Grace,Strangers,2023-09-01,98,172.964,False,62.8,52.3,169.982,FR,2.8827333333333334
Tattoo,Loreen,Tattoo,2023-02-25,90,183.374,False,54.50000000000001,77.9,150.002,FR,3.056233333333333
Meuda,Tiakola,Mélo,2022-05-27,79,152.546,True,72.39999999999999,59.3,141.901,FR,2.5424333333333333
Laboratoire,Werenoi,Carré,2023-03-10,78,162.84,True,80.10000000000001,60.4,125.024,FR,2.714
Problèmes de Riche,Josman,J.000.$,2023-10-28,59,192.0,True,75.5,57.9,74.982,FR,3.2
Les Flammes,Josman,J.000.$,2023-10-28,58,193.333,True,79.5,58.4,143.951,FR,3.2222166666666667
Nouvelles,PLK,2069',2023-04-13,76,179.653,True,53.6,65.5,196.007,FR,2.9942166666666665
Cohiba,Josman,J.000.$,2023-10-28,57,192.0,True,62.8,66.5,94.487,FR,3.2
50k€,Josman,J.000.$,2023-10-28,57,188.96,True,80.9,58.1,142.99,FR,3.1493333333333333
Daylight,David Kushner,Daylight,2023-04-14,95,212.953,False,50.8,43.0,130.09,FR,3.5492166666666667
CARLO,Josman,J.000.$,2023-10-28,56,143.533,True,55.60000000000001,75.0,151.967,FR,2.3922166666666667
1 2 3 4,"Zokush, RK",SÛR ET CERTAIN,2023-06-22,63,180.793,True,82.5,66.8,129.983,FR,3.0132166666666667
P.O.V.,Josman,J.000.$,2023-10-28,57,201.746,True,87.5,52.7,137.944,FR,3.3624333333333336
The Magic Key,"Trinix, One-T",The Magic Key,2023-04-07,77,171.211,False,89.0,72.5,122.004,FR,2.8535166666666667
Dance The Night - From Barbie The Album,Dua Lipa,Dance The Night (From Barbie The Album),2023-05-25,94,176.579,False,67.10000000000001,84.5,110.056,FR,2.9429833333333333
Gimme Love,Sia,Gimme Love,2023-09-13,81,177.921,False,28.4,75.5,93.384,FR,2.96535
La League,Werenoi,La League,2021-03-03,74,173.427,True,81.89999999999999,67.5,104.095,FR,2.89045
Cocktail,Josman,J.000.$,2023-10-28,56,163.4,True,84.7,69.39999999999999,141.013,FR,2.7233333333333336
No love,"Ninho, Ayra Starr",NI,2023-06-30,76,202.186,True,66.8,43.6,80.431,FR,3.3697666666666666
Water,Tyla,Water,2023-07-28,94,200.255,False,67.30000000000001,72.2,117.187,FR,3.3375833333333333
Ailleurs,Josman,J.000.$,2023-10-28,55,165.506,True,73.8,59.3,72.494,FR,2.7584333333333335
Yacht & Champagne - Skit,Josman,J.000.$,2023-10-28,56,90.0,True,79.9,53.0,128.064,FR,1.5
Arranca (feat. Omega),"Becky G, Omega",Arranca (feat. Omega),2023-03-10,82,166.529,False,93.1,79.3,117.999,FR,2.7754833333333333
Chemin d'or,Werenoi,Carré,2023-03-10,75,212.093,True,69.6,60.7,91.452,FR,3.534883333333333
LA RUE,"No Limit, Gazo, Damso",LA RUE,2023-06-05,76,225.137,True,71.3,59.0,138.065,FR,3.752283333333333
À feu doux...,Josman,J.000.$,2023-10-28,55,187.013,True,70.6,51.4,154.003,FR,3.1168833333333335
Prada,"cassö, RAYE, D-Block Europe",Prada,2023-08-11,94,132.359,True,63.8,71.7,141.904,FR,2.2059833333333336
Cotton Club Freestyle - Remix,Josman,J.000.$,2023-10-28,55,70.813,True,87.2,49.6,122.029,FR,1.1802166666666667
Demain,PLK,2069',2023-04-13,74,183.013,True,72.6,67.5,137.954,FR,3.0502166666666666
Solitaire,Werenoi,Telegram,2022-10-28,73,146.44,True,75.3,71.7,117.952,FR,2.4406666666666665
BALLE DANS LE COEUR,"Ikaz Boi, Tiakola",BRUT4L,2023-09-29,70,160.306,True,71.0,59.1,120.004,FR,2.671766666666667
"1,2,3 Soleil","NAZAKEBLACK, Naza, KeBlack","1,2,3 Soleil",2023-06-08,74,173.419,False,72.8,74.7,154.928,FR,2.8903166666666666
Another Love,Tom Odell,Long Way Down (Deluxe),2013-06-24,92,244.36,True,44.5,53.7,122.769,FR,4.072666666666667
Shavkat,Freeze corleone,ADC,2023-09-11,71,219.865,True,62.6,73.0,111.261,FR,3.664416666666667
Rich Music,Josman,J.000.$,2023-10-28,54,229.0,True,55.3,62.7,174.019,FR,3.816666666666667
Eurostar (feat. Central Cee),"Ninho, Central Cee",NI,2023-06-30,77,187.057,True,77.7,70.1,137.054,FR,3.1176166666666663
Popcorn Salé,SANTA,Popcorn Salé,2022-03-25,71,238.653,False,35.5,29.0,168.345,FR,3.97755
Emorio,"Trinix, Fafá de Belém",Emorio,2023-04-28,76,163.84,False,66.9,71.8,120.955,FR,2.7306666666666666
Urus,Favé,Urus,2022-10-12,72,147.788,True,71.0,71.2,162.106,FR,2.4631333333333334
"EVERYDAY (feat. Shiva, ANNA, Geolier)","Takagi & Ketra, Shiva, ANNA, Geolier","EVERYDAY (feat. Shiva, ANNA, Geolier)",2023-10-13,83,190.188,False,74.8,51.6,78.038,IT,3.1698
Cadillac (feat. Artie 5ive),"Boro, Artie 5ive, Andry The Hitmaker",Cadillac (feat. Artie 5ive),2023-09-21,81,155.526,True,80.5,87.3,94.976,IT,2.5921000000000003
Si No Estás,iñigo quintero,Si No Estás,2022-09-23,98,184.061,False,53.7,42.1,98.224,IT,3.0676833333333335
Insta Lova,"Marracash, Guè",Santeria,2016-06-24,80,206.805,False,69.0,79.5,101.071,IT,3.44675
Che t'o dico a fa',Angelina Mango,Che t'o dico a fa',2023-10-06,77,187.742,False,64.7,68.4,165.028,IT,3.129033333333333
MILANO,"BIA, Sfera Ebbasta, Fivio Foreign",REALLY HER (INTL DELUXE),2023-09-29,79,194.675,True,80.0,42.9,143.918,IT,3.2445833333333334
Papaya,VillaBanks,VILLABANKS,2023-10-26,50,139.714,True,67.4,82.69999999999999,140.044,IT,2.3285666666666667
VETRI NERI,"AVA, ANNA, Capo Plaza",VETRI NERI,2023-05-19,81,164.776,True,75.4,76.7,134.084,IT,2.7462666666666666
"BON TON (feat. Lazza, Blanco, Sfera Ebbasta & Michelangelo)","Drillionaire, Lazza, BLANCO, Sfera Ebbasta, Michelangelo",10,2023-06-29,80,238.533,False,67.80000000000001,81.39999999999999,129.988,IT,3.9755499999999997
COME VUOI,Geolier,IL CORAGGIO DEI BAMBINI,2023-01-06,78,172.615,True,75.6,63.1,130.052,IT,2.876916666666667
2minuti,Calcutta ,RELAX,2023-10-20,73,214.291,False,76.4,59.3,122.959,IT,3.5715166666666667
Nightmares,"Bresh, Pinguini Tattici Nucleari",Nightmares,2023-09-29,77,201.782,False,71.39999999999999,83.3,116.994,IT,3.3630333333333335
ABC (feat. Bello Figo),"Slings, Bello Figo",TRAPHOUSE,2023-10-20,59,143.424,True,88.8,47.0,145.953,IT,2.3904
Hoe (feat. Sfera Ebbasta),"Tedua, Sfera Ebbasta",La Divina Commedia,2023-06-02,79,137.098,False,93.6,75.7,114.044,IT,2.284966666666667
Freaky (feat. Shiva & Niky Savage),"Slings, Shiva, Niky Savage, Finesse",TRAPHOUSE,2023-10-20,69,177.576,True,87.3,57.8,98.996,IT,2.9596
IL MALE CHE MI FAI (feat. Marracash),"Geolier, Marracash",IL CORAGGIO DEI BAMBINI - ATTO II,2023-04-07,77,167.339,False,73.5,79.80000000000001,109.044,IT,2.7889833333333334
"Gelosa (feat. Shiva, Sfera Ebbasta, Guè)","Finesse, Shiva, Sfera Ebbasta, Guè","Gelosa (feat. Shiva, Sfera Ebbasta, Guè)",2023-02-24,78,181.611,False,72.6,67.2,150.068,IT,3.02685
Syrup,Shiva,Syrup,2023-09-14,79,188.654,True,89.5,46.0,139.893,IT,3.144233333333333
ANELLI E COLLANE (feat. ANNA),"Artie 5ive, ANNA",ASPETTANDO LA BELLA VITA,2023-07-20,77,189.015,True,52.400000000000006,81.6,96.503,IT,3.1502499999999998
Tutti,Calcutta ,RELAX,2023-10-20,71,250.894,False,54.400000000000006,48.2,134.98,IT,4.181566666666667
Kiss You (F**k You) [feat. Geolier],"Yung Snapp, Geolier",HOTEL MONTANA,2023-09-01,74,207.4,True,77.4,57.2,104.021,IT,3.4566666666666666
TAXI SULLA LUNA,"Tony Effe, Emma, Takagi & Ketra",TAXI SULLA LUNA,2023-06-08,78,143.5,False,86.1,73.5,120.015,IT,2.3916666666666666
bellissimissima <3,Alfa,bellissimissima <3,2023-05-12,78,157.031,False,73.4,84.1,101.853,IT,2.6171833333333336
LALA,Myke Towers,LA VIDA ES UNA,2023-03-23,97,197.92,True,70.8,73.7,91.986,IT,3.2986666666666666
Alta marea,"Coez, Frah Quintale",Lovebars,2023-09-08,68,171.903,False,73.7,75.0,109.988,IT,2.8650499999999997
Rubami la Notte,Pinguini Tattici Nucleari,Fake News,2022-12-02,70,189.583,False,54.7,88.2,77.011,IT,3.1597166666666667
ITALODISCO,The Kolors,ITALODISCO,2023-05-05,84,199.512,False,88.5,57.9,123.038,IT,3.3252
Baby Mama,Don Pero,Baby Mama,2022-10-27,75,151.16,True,59.5,83.2,90.475,IT,2.5193333333333334
Ci pensiamo domani,Angelina Mango,Ci pensiamo domani,2023-05-12,77,180.184,False,85.7,66.60000000000001,122.045,IT,3.0030666666666668
Fantasmi (feat. Geolier),"Rose Villain, Geolier",Radio Gotham,2023-01-20,75,133.266,False,75.7,76.6,97.971,IT,2.2211
PARAFULMINI (con Bresh & Fabri Fibra),"Ernia, Bresh, Fabri Fibra",IO NON HO PAURA,2023-05-04,72,208.909,False,78.5,77.4,110.027,IT,3.4818166666666666
Ancora,Rhove,Ancora,2023-06-21,75,171.775,True,73.9,70.0,138.018,IT,2.8629166666666666
Un Altro Mondo (con Tananai & Marracash),"Merk & Kremont, Tananai, Marracash",Un Altro Mondo (con Tananai & Marracash),2023-06-21,76,167.647,False,58.4,91.3,135.987,IT,2.7941166666666666
"LE BAMBINE FANNO OH (feat. Nerissima Serpe, ANNA, Papa V, Artie 5ive)","Sadturs, KIID, Nerissima Serpe, ANNA, Papa V, Artie 5ive",NO REGULAR MUSIC,2023-10-27,63,196.799,True,66.0,86.3,99.888,IT,3.2799833333333335
X CASO (feat. Sfera Ebbasta),"Geolier, Sfera Ebbasta",IL CORAGGIO DEI BAMBINI,2023-01-06,75,215.421,True,78.10000000000001,46.400000000000006,100.021,IT,3.59035
Un Briciolo Di Allegria (con MINA),"BLANCO, Mina",Innamorato,2023-04-13,75,207.615,False,61.7,70.7,91.925,IT,3.4602500000000003
Rocket (feat. Artie 5ive),"Vale Pain, Bobo, Artie 5ive",Rocket (feat. Artie 5ive),2023-09-07,72,175.133,True,77.8,50.4,147.978,IT,2.9188833333333335
TOP G (feat. Sacky),"Artie 5ive, Sacky",ASPETTANDO LA BELLA VITA,2023-07-20,72,220.255,True,73.4,70.3,89.998,IT,3.6709166666666664
Un milione di volte (feat. Sfera Ebbasta),"Shiva, Sfera Ebbasta",Santana Season,2023-06-09,76,181.714,True,73.3,65.0,140.171,IT,3.028566666666667
Giro con te,Calcutta ,RELAX,2023-10-20,70,204.106,False,52.7,63.6,79.876,IT,3.4017666666666666
Red Light,Tedua,La Divina Commedia,2023-06-02,74,167.88,False,55.8,62.4,66.512,IT,2.798
"Quevedo: Bzrp Music Sessions, Vol. 52","Bizarrap, Quevedo","Quevedo: Bzrp Music Sessions, Vol. 52",2022-07-06,90,198.937,False,62.1,78.2,128.033,IT,3.3156166666666667
Nato Per Questo,Capo Plaza,Nato Per Questo,2023-10-13,72,167.076,True,58.8,73.9,129.957,IT,2.7845999999999997
CENERE,Lazza,SIRIO,2022-04-07,71,208.323,False,65.2,62.8,119.856,IT,3.4720500000000003
Controtempo,Calcutta ,RELAX,2023-10-20,69,224.562,False,74.8,49.5,94.008,IT,3.7427
Non lo Sai,Shiva,Milano Demons,2022-11-25,73,228.454,False,58.5,67.80000000000001,127.959,IT,3.8075666666666668
Paradiso Artificiale (feat. Baby Gang & Kid Yugi),"Tedua, Baby Gang, Kid Yugi",La Divina Commedia,2023-06-02,75,162.411,False,74.3,69.3,104.522,IT,2.70685
In Mezzo ai Guai (feat. Neima Ezza),"Vale Pain, Neima Ezza",In Mezzo ai Guai (feat. Neima Ezza),2023-05-25,71,139.098,True,74.0,85.6,134.957,IT,2.3183000000000002
"Bentley (feat. Simba La Rue, J Lord)","Baby Gang, Simba La Rue, J Lord",INNOCENTE (Deluxe Edition),2023-10-13,71,119.329,True,51.6,74.3,86.578,IT,1.9888166666666665
CHIAGNE (feat. Lazza & Takagi & Ketra),"Geolier, Lazza, Takagi & Ketra",IL CORAGGIO DEI BAMBINI,2023-01-06,71,179.863,False,71.6,73.7,131.947,IT,2.997716666666667
Is It Over Now? (Taylor's Version) (From The Vault),Taylor Swift,1989 (Taylor's Version),2023-10-26,86,229.477,False,59.6,65.8,100.012,GB,3.8246166666666666
Now That We Don't Talk (Taylor's Version) (From The Vault),Taylor Swift,1989 (Taylor's Version),2023-10-26,85,146.436,False,79.3,51.2,109.994,GB,2.4406000000000003
Strangers,Kenya Grace,Strangers,2023-09-01,98,172.964,False,62.8,52.3,169.982,GB,2.8827333333333334
"""Slut!"" (Taylor's Version) (From The Vault)",Taylor Swift,1989 (Taylor's Version),2023-10-26,86,180.381,False,62.9,41.3,77.983,GB,3.00635
Say Don't Go (Taylor's Version) (From The Vault),Taylor Swift,1989 (Taylor's Version),2023-10-26,86,279.833,False,62.6,54.7,109.946,GB,4.663883333333334
greedy,Tate McRae,greedy,2023-09-15,99,131.872,True,75.0,73.3,111.018,GB,2.197866666666667
Style (Taylor's Version),Taylor Swift,1989 (Taylor's Version),2023-10-26,86,231.0,False,57.49999999999999,82.39999999999999,94.971,GB,3.85
Prada,"cassö, RAYE, D-Block Europe",Prada,2023-08-11,94,132.359,True,63.8,71.7,141.904,GB,2.2059833333333336
Water,Tyla,Water,2023-07-28,94,200.255,False,67.30000000000001,72.2,117.187,GB,3.3375833333333333
Paint The Town Red,Doja Cat,Scarlet,2023-09-20,89,230.48,True,86.4,55.60000000000001,99.974,GB,3.841333333333333
Suburban Legends (Taylor's Version) (From The Vault),Taylor Swift,1989 (Taylor's Version),2023-10-26,84,171.818,False,69.89999999999999,62.1,118.048,GB,2.8636333333333335
Cruel Summer,Taylor Swift,Lover,2019-08-23,100,178.426,False,55.2,70.19999999999999,169.994,GB,2.9737666666666667
Blank Space (Taylor's Version),Taylor Swift,1989 (Taylor's Version),2023-10-26,85,231.833,False,73.7,72.5,96.012,GB,3.8638833333333333
Out Of The Woods (Taylor's Version),Taylor Swift,1989 (Taylor's Version),2023-10-26,85,235.8,False,54.7,88.5,91.992,GB,3.93
Welcome To New York (Taylor's Version),Taylor Swift,1989 (Taylor's Version),2023-10-26,85,212.6,False,76.1,60.7,116.98,GB,3.5433333333333334
Sprinter,"Dave, Central Cee",Sprinter,2023-06-01,93,229.133,True,91.6,58.3,141.095,GB,3.8188833333333334
vampire,Olivia Rodrigo,GUTS,2023-09-08,96,219.724,True,51.1,53.2,138.005,GB,3.6620666666666666
Wildest Dreams (Taylor's Version),Taylor Swift,1989 (Taylor's Version),2023-10-26,82,220.433,False,58.1,67.2,140.061,GB,3.6738833333333334
My Love Mine All Mine,Mitski,The Land Is Inhospitable and So Are We,2023-09-15,96,137.773,False,50.4,30.8,113.95,GB,2.2962166666666666
All You Had To Do Was Stay (Taylor's Version),Taylor Swift,1989 (Taylor's Version),2023-10-26,83,193.289,False,58.6,72.0,97.057,GB,3.221483333333333
"Baddadan (feat. IRAH, Flowdan, Trigga & Takura)","Chase & Status, Bou, Flowdan, IRAH, Trigga, Takura","Baddadan (feat. IRAH, Flowdan, Trigga & Takura)",2023-07-27,82,177.291,False,62.0,93.5,87.532,GB,2.95485
Shake It Off (Taylor's Version),Taylor Swift,1989 (Taylor's Version),2023-10-26,83,219.209,False,63.2,80.7,160.055,GB,3.6534833333333334
New Romantics (Taylor's Version),Taylor Swift,1989 (Taylor's Version),2023-10-26,83,230.177,False,65.10000000000001,85.5,121.98,GB,3.8362833333333333
Stick Season,Noah Kahan,Stick Season,2022-10-14,88,182.346,False,66.2,48.8,117.913,GB,3.0391
I Wish You Would (Taylor's Version),Taylor Swift,1989 (Taylor's Version),2023-10-26,82,207.65,False,66.9,85.1,118.026,GB,3.4608333333333334
Clean (Taylor's Version),Taylor Swift,1989 (Taylor's Version),2023-10-26,82,271.0,False,77.10000000000001,38.6,103.96,GB,4.516666666666667
How You Get The Girl (Taylor's Version),Taylor Swift,1989 (Taylor's Version),2023-10-26,82,247.533,False,75.4,68.2,120.027,GB,4.12555
Bad Blood (Taylor's Version),Taylor Swift,1989 (Taylor's Version),2023-10-26,83,211.103,False,61.9,68.60000000000001,169.943,GB,3.5183833333333334
Dance The Night - From Barbie The Album,Dua Lipa,Dance The Night (From Barbie The Album),2023-05-25,94,176.579,False,67.10000000000001,84.5,110.056,GB,2.9429833333333333
I Know Places (Taylor's Version),Taylor Swift,1989 (Taylor's Version),2023-10-26,81,195.7,False,57.49999999999999,80.30000000000001,160.039,GB,3.2616666666666663
Wonderland (Taylor's Version),Taylor Swift,1989 (Taylor's Version),2023-10-26,81,245.566,False,46.2,70.8,183.811,GB,4.092766666666667
This Love (Taylor’s Version),Taylor Swift,1989 (Taylor's Version),2023-10-26,81,250.1,False,47.4,51.1,144.022,GB,4.168333333333333
You Are In Love (Taylor's Version),Taylor Swift,1989 (Taylor's Version),2023-10-26,81,267.389,False,53.7,49.5,84.948,GB,4.456483333333334
"What Was I Made For? [From The Motion Picture ""Barbie""]",Billie Eilish,"What Was I Made For? [From The Motion Picture ""Barbie""]",2023-07-13,96,222.369,False,44.4,9.11,78.403,GB,3.70615
Disconnect,"Becky Hill, Chase & Status",Disconnect,2023-07-14,81,164.914,True,50.4,97.6,175.048,GB,2.7485666666666666
Dreams - 2004 Remaster,Fleetwood Mac,Rumours (Super Deluxe),1977-02-04,89,257.8,False,82.8,49.2,120.151,GB,4.296666666666667
adore u,"Fred again.., Obongjayar",adore u,2023-08-11,84,220.653,False,74.7,86.7,124.015,GB,3.6775499999999997
fukumean,Gunna,a Gift & a Curse,2023-06-16,95,125.04,True,84.7,62.2,130.001,GB,2.084
Asking,"Sonny Fodera, MK, Clementine Douglas",Asking,2023-07-07,79,191.59,False,47.7,85.39999999999999,126.965,GB,3.193166666666667
Mr. Brightside,The Killers,Hot Fuss,2004,88,222.973,False,35.2,91.1,148.033,GB,3.716216666666667
Anti-Hero,Taylor Swift,Midnights,2022-10-21,93,200.69,False,63.7,64.3,97.008,GB,3.3448333333333333
bad idea right?,Olivia Rodrigo,GUTS,2023-09-08,93,184.783,True,62.7,87.9,129.979,GB,3.0797166666666667
IDGAF (feat. Yeat),"Drake, Yeat",For All The Dogs,2023-10-06,94,260.111,True,66.3,67.0,136.952,GB,4.335183333333333
One Of Your Girls,Troye Sivan,Something To Give Each Other,2023-10-13,87,181.481,False,62.9,65.4,93.034,GB,3.0246833333333334
Daylight,David Kushner,Daylight,2023-04-14,95,212.953,False,50.8,43.0,130.09,GB,3.5492166666666667
Kill Bill,SZA,SOS,2022-12-08,92,153.946,False,64.4,73.5,88.98,GB,2.5657666666666668
get him back!,Olivia Rodrigo,GUTS,2023-09-08,91,211.141,True,54.6,84.6,162.043,GB,3.5190166666666665
(It Goes Like) Nanana - Edit,Peggy Gou,(It Goes Like) Nanana [Edit],2023-06-15,92,231.545,False,67.10000000000001,87.6,129.998,GB,3.859083333333333
Another Love,Tom Odell,Long Way Down (Deluxe),2013-06-24,92,244.36,True,44.5,53.7,122.769,GB,4.072666666666667
Rich Baby Daddy (feat. Sexyy Red & SZA),"Drake, Sexyy Red, SZA",For All The Dogs,2023-10-06,88,319.191,True,64.5,72.89999999999999,146.01,GB,5.31985
