Title,Artist,Album,Release Date,Popularity,Duration (s),Explicit,Danceability,Energy,Tempo,Country
Si No Estás,iñigo quintero,Si No Estás,2022-09-23,98,184.061,False,53.7,42.1,98.224,ES
Lollipop,Darell,EVERYBODY GO TO THE DISCOTEK,2023-07-28,92,199.946,True,82.19999999999999,71.1,102.984,ES
PERRO NEGRO,"Bad Bunny, Feid",nadie sabe lo que va a pasar mañana,2023-10-13,96,162.767,True,91.10000000000001,77.8,96.057,ES
El Mambo,Kiko Rivera,El Mambo,2023-07-13,82,129.845,False,88.4,71.8,139.991,ES
OA,"Anuel AA, Quevedo, Maluma, Mambo Kingz, DJ Luian",OA,2023-10-13,85,235.2,True,81.3,86.6,99.994,ES
MONACO,Bad Bunny,nadie sabe lo que va a pasar mañana,2023-10-13,97,267.194,True,78.7,62.1,139.056,ES
REINA,"Mora, Saiko",ESTRELLA,2023-08-28,89,211.879,True,72.39999999999999,57.8,167.985,ES
LALA,Myke Towers,LA VIDA ES UNA,2023-03-23,97,197.92,True,70.8,73.7,91.986,ES
Columbia,Quevedo,Columbia,2023-07-07,95,186.0,False,66.8,71.2,100.02,ES
MODELITO,"Mora, YOVNGCHIMI",PARAÍSO,2022-11-03,85,190.496,True,71.1,75.2,145.047,ES
SEDA,"Bad Bunny, Bryant Myers",nadie sabe lo que va a pasar mañana,2023-10-13,90,190.476,True,70.6,56.599999999999994,125.876,ES
HIBIKI,"Bad Bunny, Mora",nadie sabe lo que va a pasar mañana,2023-10-13,92,208.0,True,80.10000000000001,64.5,119.935,ES
Buenas,"Quevedo, Saiko",Buenas,2023-09-22,87,192.954,False,62.5,75.5,87.948,ES
POLARIS - Remix,"Saiko, Quevedo, Feid, Mora",POLARIS (Remix),2023-06-08,86,288.0,True,62.3,79.9,169.901,ES
DILUVIO,Rauw Alejandro,PLAYA SATURNO,2023-07-07,82,197.052,True,84.5,79.5,94.969,ES
Holanda,Jhayco,Holanda,2023-07-28,92,231.693,True,83.1,75.9,107.961,ES
COSAS QUE NO TE DIJE,Saiko,COSAS QUE NO TE DIJE,2021-09-17,81,224.725,False,61.6,67.30000000000001,99.971,ES
Quien Es Dei V?,Dei V,Quien Es Dei V?,2023-03-17,82,162.244,True,55.7,74.4,100.247,ES
QLONA,"KAROL G, Peso Pluma",MAÑANA SERÁ BONITO (BICHOTA SEASON),2023-08-10,94,172.797,True,84.1,73.8,169.918,ES
"Milo J: Bzrp Music Sessions, Vol. 57","Bizarrap, Milo j","Milo J: Bzrp Music Sessions, Vol. 57",2023-10-03,89,189.901,False,79.5,55.300000000000004,124.109,ES
BABY HELLO,"Rauw Alejandro, Bizarrap",PLAYA SATURNO,2023-07-07,79,222.461,True,77.3,89.3,130.013,ES
El Merengue,"Marshmello, Manuel Turizo",El Merengue,2023-03-03,89,189.668,False,77.5,67.7,124.011,ES
FINA,"Bad Bunny, Young Miko",nadie sabe lo que va a pasar mañana,2023-10-13,93,216.327,True,84.7,72.39999999999999,94.601,ES
Fruto,"Bizarrap, Milo j",en dormir sin Madrid,2023-10-04,91,132.294,False,80.10000000000001,51.7,160.254,ES
Bandidona,Saiko,Bandidona,2023-10-26,66,160.941,False,63.800000000000004,66.0,169.962,ES
DONDE SE APRENDE A QUERER?,Mora,ESTRELLA,2023-08-28,87,144.427,False,72.2,51.9,170.058,ES
A 300,"JC Reyes, Pedro Calderon",A 300,2023-02-17,78,169.208,False,79.2,72.5,138.867,ES
THUNDER Y LIGHTNING,"Bad Bunny, Eladio Carrion",nadie sabe lo que va a pasar mañana,2023-10-13,87,217.133,True,55.2,74.4,156.027,ES
NO PIENSO LLAMAR,"Soge Culebra, Quevedo, GARABATTO",STORM,2023-10-13,66,198.352,False,67.9,55.60000000000001,169.997,ES
Arena y Sal,"Omar Montes, Saiko, Tunvao",Arena y Sal,2023-05-18,80,174.415,False,72.2,78.2,117.996,ES
LUCES DE TECNO,Feid,"MOR, No Le Temas a La Oscuridad",2023-09-29,81,164.293,False,64.3,65.10000000000001,130.019,ES
SEYA,"GIMS, Morad, SativaMusic",LES DERNIÈRES VOLONTÉS DE MOZART (SYMPHONY),2023-10-05,61,188.484,False,79.80000000000001,68.10000000000001,101.005,ES
Los del Espacio,"LIT killah, Tiago PZK, Maria Becerra, Duki, Emilia, Rusherking, Big One, FMK",Los del Espacio,2023-06-01,88,338.0,False,81.3,68.2,120.011,ES
El Cielo,"Sky Rompiendo, Feid, Myke Towers",El Cielo,2023-06-02,88,191.32,True,71.5,64.2,105.964,ES
VAGABUNDO,"Sebastian Yatra, Manuel Turizo, Beéle",VAGABUNDO,2023-05-12,87,215.6,False,81.69999999999999,85.1,127.019,ES
Antidepresivos,Saiko,Antidepresivos,2023-08-03,79,145.384,False,72.0,61.3,103.942,ES
No Estuviste En Lo Malo - REMIX,"Morad, Beny Jr, DELLAFUENTE",No Estuviste En Lo Malo (REMIX),2023-10-04,77,268.32,False,72.39999999999999,53.7,125.142,ES
Narcotics (with Bryant Myers),"Dei V, Bryant Myers",Narcotics (with Bryant Myers),2023-09-14,82,173.991,True,71.1,71.8,159.953,ES
Corazón Roto pt. 3,"Brray, Anuel AA, Chencho Corleone, Jhayco, Ryan Castro",Corazón Roto pt. 3,2023-09-08,86,348.4,True,84.1,74.1,92.988,ES
Madrid City,Ana Mena,Madrid City,2023-09-29,75,172.727,False,73.0,87.0,132.011,ES
La Bachata,Manuel Turizo,2000,2023-03-17,85,162.637,False,83.5,67.9,124.98,ES
Supernova,Saiko,Supernova,2023-04-19,78,190.909,False,72.5,74.3,87.979,ES
Mi Luz (ft. Rels B),"Rvfv, Rels B",NASTU,2022-01-28,80,168.0,False,70.5,52.6,200.031,ES
GATITA GANGSTER,"KAROL G, Dei V",MAÑANA SERÁ BONITO (BICHOTA SEASON),2023-08-10,81,170.92,True,82.6,55.2,96.981,ES
Eva Longoria,"Ozuna, Davido",Afro,2023-05-26,79,199.85,False,61.5,67.60000000000001,196.076,ES
No_se_ve.mp3,"Emilia, LUDMILLA, ZECCA",No_se_ve.mp3,2023-05-03,84,203.636,True,75.2,66.60000000000001,131.986,ES
Classy 101,"Feid, Young Miko",Classy 101,2023-03-31,93,195.986,True,85.9,65.8,100.065,ES
EL TONTO,"Lola Indigo, Quevedo",EL DRAGÓN,2023-04-13,77,187.986,False,80.10000000000001,80.10000000000001,110.029,ES
UN PREVIEW,Bad Bunny,nadie sabe lo que va a pasar mañana,2023-10-13,87,165.582,True,79.5,81.5,94.991,ES
GANGSTER (PQFNEDG),"Ovy On The Drums, Quevedo, Yandel",GANGSTER (PQFNEDG),2023-10-19,78,215.47,True,62.7,82.8,176.08,ES
Si No Estás,iñigo quintero,Si No Estás,2022-09-23,98,184.061,False,53.7,42.1,98.224,PT
Carro (feat. Dillaz),"Bárbara Bandeira, Dillaz",Finda,2023-10-06,61,202.624,False,73.3,53.0,114.972,PT
Tempo,Van Zee,Tempo,2020-02-12,68,188.735,False,68.60000000000001,23.799999999999997,177.882,PT
DENTRO DA HILUX,"Luan Pereira, MC Ryan SP, Mc Daniel",DENTRO DA HILUX,2023-08-24,88,163.013,False,73.0,51.7,129.987,PT
Alma Nua,Van Zee,Alma Nua,2022-12-16,67,203.684,True,74.9,42.1,76.031,PT
Menina Caliente,"MC Torugo, Dj Ramon Sucesso",Menina Caliente,2023-10-14,56,168.158,False,84.8,62.3,159.9,PT
Tá OK,"DENNIS, MC Kevin o Chris",Tá OK,2023-05-04,87,92.093,False,86.3,96.0,130.118,PT
Novo Balanço,"Veigh, Bvga Beatz, Prod Malax, Supernova Ent",Dos Prédios Deluxe,2023-05-19,85,140.322,True,83.6,49.9,124.05,PT
Sai Da Frente,Juliette,Ciclone,2023-08-25,60,167.445,False,86.3,81.5,134.957,PT
PIÑA COLADA,"LON3R JOHNY, Plutonio",PIÑA COLADA,2023-07-29,65,202.388,False,70.0,58.699999999999996,134.092,PT
Baile do Bruxo,"Tropa do Bruxo, DJ Ws da Igrejinha, SMU, Triz, Mc Menor Thalis",Baile do Bruxo,2023-09-29,83,221.538,True,73.4,22.8,162.524,PT
Chamadas,"Ivandro, Van Zee",Chamadas,2023-09-29,64,156.672,False,64.4,63.2,99.94,PT
Faz um Vuk Vuk (Teto Espelhado),"MC Kevin o Chris, Dj Nk Da Serra",Faz um Vuk Vuk (Teto Espelhado),2023-07-20,88,138.461,True,92.0,41.3,130.078,PT
greedy,Tate McRae,greedy,2023-09-15,99,131.872,True,75.0,73.3,111.018,PT
Chakras,"Ivandro, Julinho Ksd",Chakras,2023-04-28,68,196.384,False,76.1,78.60000000000001,99.993,PT
Lapada Dela - Ao Vivo,"Grupo Menos É Mais, Matheus Fernandes",Confia (Ao Vivo),2023-01-20,87,159.322,False,69.1,75.2,167.073,PT
Nosso Quadro,"AgroPlay, Ana Castela",Nosso Quadro,2023-02-02,80,173.698,False,69.1,70.8,160.018,PT
MONACO,Bad Bunny,nadie sabe lo que va a pasar mañana,2023-10-13,97,267.194,True,78.7,62.1,139.056,PT
Depois de Ontem,GBoss,Depois de Ontem,2023-09-12,62,158.894,False,63.7,54.50000000000001,129.953,PT
Tengo,Juliette,Ciclone,2023-08-25,69,129.692,False,72.89999999999999,85.5,129.964,PT
UH LA LA LA,"LON3R JOHNY, Plutonio",ANTI$$OCIAL,2023-04-01,62,180.3,True,85.5,55.1,119.979,PT
Novidade na Área,"Mc Livinho, DJ Matt D",Novidade na Área,2023-06-23,85,120.014,True,62.5,34.0,130.231,PT
LALA,Myke Towers,LA VIDA ES UNA,2023-03-23,97,197.92,True,70.8,73.7,91.986,PT
Is It Over Now? (Taylor's Version) (From The Vault),Taylor Swift,1989 (Taylor's Version),2023-10-26,86,229.477,False,59.599999999999994,65.8,100.012,PT
Strangers,Kenya Grace,Strangers,2023-09-01,98,172.964,False,62.8,52.300000000000004,169.982,PT
Let's Go 4,"Dj GBR, Mc IG, MC Ryan SP, MC PH, Mc Davi, Mc Luki, Mc Don Juan, Mc Kadu, TrapLaudo, MC GP, MC GH do 7",Let's Go 4,2023-08-29,89,641.941,True,78.2,63.1,113.427,PT
Perto,Van Zee,Perto,2022-11-18,63,209.538,True,80.10000000000001,25.6,130.101,PT
Water,Tyla,Water,2023-07-28,94,200.255,False,67.30000000000001,72.2,117.187,PT
Amar De Cor,Van Zee,Amar De Cor,2023-07-28,62,165.333,False,54.800000000000004,45.9,67.828,PT
Now That We Don't Talk (Taylor's Version) (From The Vault),Taylor Swift,1989 (Taylor's Version),2023-10-26,85,146.436,False,79.3,51.2,109.994,PT
Colãs,Dillaz,Colãs,2023-08-09,61,193.17,False,67.5,67.10000000000001,164.039,PT
Planeta,"Bispo, Bárbara Tinoco",Planeta,2023-03-24,64,167.012,False,83.7,43.5,75.008,PT
Say Don't Go (Taylor's Version) (From The Vault),Taylor Swift,1989 (Taylor's Version),2023-10-26,86,279.833,False,62.6,54.7,109.946,PT
Como Tu (feat. Ivandro),"Bárbara Bandeira, Ivandro",Finda,2023-10-06,54,207.873,False,56.2,67.10000000000001,187.57,PT
Ballena,"Vulgo FK, MC PH, Veigh, Pedro Lotto, Fepache",Perdas & Ganhos,2023-07-14,84,200.0,False,66.4,50.8,120.313,PT
El Merengue,"Marshmello, Manuel Turizo",El Merengue,2023-03-03,89,189.668,False,77.5,67.7,124.011,PT
Engana Dizendo Que Ama,"Veigh, Tz da Coronel, Toledo, Nagalli, Bvga Beatz, Supernova Ent",Dos Prédios Deluxe,2023-05-19,81,188.497,True,78.9,35.6,111.937,PT
Paint The Town Red,Doja Cat,Scarlet,2023-09-20,89,230.48,True,86.4,55.60000000000001,99.974,PT
Style (Taylor's Version),Taylor Swift,1989 (Taylor's Version),2023-10-26,86,231.0,False,57.49999999999999,82.39999999999999,94.971,PT
Laços,Van Zee,Laços,2023-10-27,46,206.315,False,80.60000000000001,47.9,113.978,PT
Devia Ir,Wet Bed Gang,Devia Ir,2018-07-20,62,293.748,False,69.5,51.300000000000004,94.116,PT
Mo Boy,Dillaz,Reflexo,2016-05-26,59,232.0,False,75.6,65.5,180.165,PT
"""Slut!"" (Taylor's Version) (From The Vault)",Taylor Swift,1989 (Taylor's Version),2023-10-26,86,180.381,False,62.9,41.3,77.983,PT
Maria Joana,"Nuno Ribeiro, Calema, Mariza",Maria Joana,2023-04-14,65,227.807,False,48.9,80.7,93.417,PT
Conexões de Máfia (feat. Rich The Kid),"Matuê, Rich The Kid",Conexões de Máfia (feat. Rich The Kid),2023-04-30,80,221.538,True,77.10000000000001,57.699999999999996,116.96,PT
Another Love,Tom Odell,Long Way Down (Deluxe),2013-06-24,92,244.36,True,44.5,53.7,122.769,PT
Cruel Summer,Taylor Swift,Lover,2019-08-23,100,178.426,False,55.2,70.19999999999999,169.994,PT
Blank Space (Taylor's Version),Taylor Swift,1989 (Taylor's Version),2023-10-26,85,231.833,False,73.7,72.5,96.012,PT
Loucamente,"D.A.M.A, Los Romeros",Loucamente,2023-05-12,62,222.909,False,70.7,68.10000000000001,151.919,PT
WHERE SHE GOES,Bad Bunny,nadie sabe lo que va a pasar mañana,2023-10-13,85,231.704,True,65.10000000000001,79.9,143.992,PT
Petit génie,"Jungeli, Imen Es, Alonzo, Abou Debeing, Lossa",Petit génie,2023-08-04,83,217.142,True,80.0,58.099999999999994,126.046,FR
Si No Estás,iñigo quintero,Si No Estás,2022-09-23,98,184.061,False,53.7,42.1,98.224,FR
LAISSE MOI,KeBlack,LAISSE MOI,2023-09-08,81,168.62,True,76.5,71.7,120.025,FR
Casanova,"Soolking, Gazo",Casanova,2023-07-06,87,189.09,False,80.10000000000001,83.2,132.044,FR
Saiyan,"Heuss L'enfoiré, Gazo",Chef D'orchestre,2023-06-30,77,189.84,True,77.5,80.80000000000001,125.013,FR
greedy,Tate McRae,greedy,2023-09-15,99,131.872,True,75.0,73.3,111.018,FR
FLASHBACK,"Favé, Gazo",IL LE FALLAIT,2023-10-13,67,176.12,True,76.2,56.39999999999999,141.938,FR
Bolide allemand,SDM,Liens du 100,2022-12-02,80,176.746,True,71.8,64.3,131.825,FR
Meridian,"Dave, Tiakola",Meridian & Special,2023-08-25,67,255.16,True,89.7,66.5,115.05,FR
Vois sur ton chemin - Techno Mix,BENNETT,Vois sur ton chemin (Techno Mix),2023-08-04,90,178.156,False,63.4,82.39999999999999,137.959,FR
Paint The Town Red,Doja Cat,Scarlet,2023-09-20,89,230.48,True,86.4,55.60000000000001,99.974,FR
Strangers,Kenya Grace,Strangers,2023-09-01,98,172.964,False,62.8,52.300000000000004,169.982,FR
Tattoo,Loreen,Tattoo,2023-02-25,90,183.374,False,54.50000000000001,77.9,150.002,FR
Meuda,Tiakola,Mélo,2022-05-27,79,152.546,True,72.39999999999999,59.3,141.901,FR
Laboratoire,Werenoi,Carré,2023-03-10,78,162.84,True,80.10000000000001,60.4,125.024,FR
Problèmes de Riche,Josman,J.000.$,2023-10-28,59,192.0,True,75.5,57.9,74.982,FR
Les Flammes,Josman,J.000.$,2023-10-28,58,193.333,True,79.5,58.4,143.951,FR
Nouvelles,PLK,2069',2023-04-13,76,179.653,True,53.6,65.5,196.007,FR
Cohiba,Josman,J.000.$,2023-10-28,57,192.0,True,62.8,66.5,94.487,FR
50k€,Josman,J.000.$,2023-10-28,57,188.96,True,80.9,58.099999999999994,142.99,FR
Daylight,David Kushner,Daylight,2023-04-14,95,212.953,False,50.8,43.0,130.09,FR
CARLO,Josman,J.000.$,2023-10-28,56,143.533,True,55.60000000000001,75.0,151.967,FR
1 2 3 4,"Zokush, RK",SÛR ET CERTAIN,2023-06-22,63,180.793,True,82.5,66.8,129.983,FR
P.O.V.,Josman,J.000.$,2023-10-28,57,201.746,True,87.5,52.7,137.944,FR
The Magic Key,"Trinix, One-T",The Magic Key,2023-04-07,77,171.211,False,89.0,72.5,122.004,FR
Dance The Night - From Barbie The Album,Dua Lipa,Dance The Night (From Barbie The Album),2023-05-25,94,176.579,False,67.10000000000001,84.5,110.056,FR
Gimme Love,Sia,Gimme Love,2023-09-13,81,177.921,False,28.4,75.5,93.384,FR
La League,Werenoi,La League,2021-03-03,74,173.427,True,81.89999999999999,67.5,104.095,FR
Cocktail,Josman,J.000.$,2023-10-28,56,163.4,True,84.7,69.39999999999999,141.013,FR
No love,"Ninho, Ayra Starr",NI,2023-06-30,76,202.186,True,66.8,43.6,80.431,FR
Water,Tyla,Water,2023-07-28,94,200.255,False,67.30000000000001,72.2,117.187,FR
Ailleurs,Josman,J.000.$,2023-10-28,55,165.506,True,73.8,59.3,72.494,FR
Yacht & Champagne - Skit,Josman,J.000.$,2023-10-28,56,90.0,True,79.9,53.0,128.064,FR
Arranca (feat. Omega),"Becky G, Omega",Arranca (feat. Omega),2023-03-10,82,166.529,False,93.10000000000001,79.3,117.999,FR
Chemin d'or,Werenoi,Carré,2023-03-10,75,212.093,True,69.6,60.699999999999996,91.452,FR
LA RUE,"No Limit, Gazo, Damso",LA RUE,2023-06-05,76,225.137,True,71.3,59.0,138.065,FR
À feu doux...,Josman,J.000.$,2023-10-28,55,187.013,True,70.6,51.4,154.003,FR
Prada,"cassö, RAYE, D-Block Europe",Prada,2023-08-11,94,132.359,True,63.800000000000004,71.7,141.904,FR
Cotton Club Freestyle - Remix,Josman,J.000.$,2023-10-28,55,70.813,True,87.2,49.6,122.029,FR
Demain,PLK,2069',2023-04-13,74,183.013,True,72.6,67.5,137.954,FR
Solitaire,Werenoi,Telegram,2022-10-28,73,146.44,True,75.3,71.7,117.952,FR
BALLE DANS LE COEUR,"Ikaz Boi, Tiakola",BRUT4L,2023-09-29,70,160.306,True,71.0,59.099999999999994,120.004,FR
"1,2,3 Soleil","NAZAKEBLACK, Naza, KeBlack","1,2,3 Soleil",2023-06-08,74,173.419,False,72.8,74.7,154.928,FR
Another Love,Tom Odell,Long Way Down (Deluxe),2013-06-24,92,244.36,True,44.5,53.7,122.769,FR
Shavkat,Freeze corleone,ADC,2023-09-11,71,219.865,True,62.6,73.0,111.261,FR
Rich Music,Josman,J.000.$,2023-10-28,54,229.0,True,55.300000000000004,62.7,174.019,FR
Eurostar (feat. Central Cee),"Ninho, Central Cee",NI,2023-06-30,77,187.057,True,77.7,70.1,137.054,FR
Popcorn Salé,SANTA,Popcorn Salé,2022-03-25,71,238.653,False,35.5,28.999999999999996,168.345,FR
Emorio,"Trinix, Fafá de Belém",Emorio,2023-04-28,76,163.84,False,66.9,71.8,120.955,FR
Urus,Favé,Urus,2022-10-12,72,147.788,True,71.0,71.2,162.106,FR
"EVERYDAY (feat. Shiva, ANNA, Geolier)","Takagi & Ketra, Shiva, ANNA, Geolier","EVERYDAY (feat. Shiva, ANNA, Geolier)",2023-10-13,83,190.188,False,74.8,51.6,78.038,IT
Cadillac (feat. Artie 5ive),"Boro, Artie 5ive, Andry The Hitmaker",Cadillac (feat. Artie 5ive),2023-09-21,81,155.526,True,80.5,87.3,94.976,IT
Si No Estás,iñigo quintero,Si No Estás,2022-09-23,98,184.061,False,53.7,42.1,98.224,IT
Insta Lova,"Marracash, Guè",Santeria,2016-06-24,80,206.805,False,69.0,79.5,101.071,IT
Che t'o dico a fa',Angelina Mango,Che t'o dico a fa',2023-10-06,77,187.742,False,64.7,68.4,165.028,IT
MILANO,"BIA, Sfera Ebbasta, Fivio Foreign",REALLY HER (INTL DELUXE),2023-09-29,79,194.675,True,80.0,42.9,143.918,IT
Papaya,VillaBanks,VILLABANKS,2023-10-26,50,139.714,True,67.4,82.69999999999999,140.044,IT
VETRI NERI,"AVA, ANNA, Capo Plaza",VETRI NERI,2023-05-19,81,164.776,True,75.4,76.7,134.084,IT
"BON TON (feat. Lazza, Blanco, Sfera Ebbasta & Michelangelo)","Drillionaire, Lazza, BLANCO, Sfera Ebbasta, Michelangelo",10,2023-06-29,80,238.533,False,67.80000000000001,81.39999999999999,129.988,IT
COME VUOI,Geolier,IL CORAGGIO DEI BAMBINI,2023-01-06,78,172.615,True,75.6,63.1,130.052,IT
2minuti,Calcutta ,RELAX,2023-10-20,73,214.291,False,76.4,59.3,122.959,IT
Nightmares,"Bresh, Pinguini Tattici Nucleari",Nightmares,2023-09-29,77,201.782,False,71.39999999999999,83.3,116.994,IT
ABC (feat. Bello Figo),"Slings, Bello Figo",TRAPHOUSE,2023-10-20,59,143.424,True,88.8,47.0,145.953,IT
Hoe (feat. Sfera Ebbasta),"Tedua, Sfera Ebbasta",La Divina Commedia,2023-06-02,79,137.098,False,93.60000000000001,75.7,114.044,IT
Freaky (feat. Shiva & Niky Savage),"Slings, Shiva, Niky Savage, Finesse",TRAPHOUSE,2023-10-20,69,177.576,True,87.3,57.8,98.996,IT
IL MALE CHE MI FAI (feat. Marracash),"Geolier, Marracash",IL CORAGGIO DEI BAMBINI - ATTO II,2023-04-07,77,167.339,False,73.5,79.80000000000001,109.044,IT
"Gelosa (feat. Shiva, Sfera Ebbasta, Guè)","Finesse, Shiva, Sfera Ebbasta, Guè","Gelosa (feat. Shiva, Sfera Ebbasta, Guè)",2023-02-24,78,181.611,False,72.6,67.2,150.068,IT
Syrup,Shiva,Syrup,2023-09-14,79,188.654,True,89.5,46.0,139.893,IT
ANELLI E COLLANE (feat. ANNA),"Artie 5ive, ANNA",ASPETTANDO LA BELLA VITA,2023-07-20,77,189.015,True,52.400000000000006,81.6,96.503,IT
Tutti,Calcutta ,RELAX,2023-10-20,71,250.894,False,54.400000000000006,48.199999999999996,134.98,IT
Kiss You (F**k You) [feat. Geolier],"Yung Snapp, Geolier",HOTEL MONTANA,2023-09-01,74,207.4,True,77.4,57.199999999999996,104.021,IT
TAXI SULLA LUNA,"Tony Effe, Emma, Takagi & Ketra",TAXI SULLA LUNA,2023-06-08,78,143.5,False,86.1,73.5,120.015,IT
bellissimissima <3,Alfa,bellissimissima <3,2023-05-12,78,157.031,False,73.4,84.1,101.853,IT
LALA,Myke Towers,LA VIDA ES UNA,2023-03-23,97,197.92,True,70.8,73.7,91.986,IT
Alta marea,"Coez, Frah Quintale",Lovebars,2023-09-08,68,171.903,False,73.7,75.0,109.988,IT
Rubami la Notte,Pinguini Tattici Nucleari,Fake News,2022-12-02,70,189.583,False,54.7,88.2,77.011,IT
ITALODISCO,The Kolors,ITALODISCO,2023-05-05,84,199.512,False,88.5,57.9,123.038,IT
Baby Mama,Don Pero,Baby Mama,2022-10-27,75,151.16,True,59.5,83.2,90.475,IT
Ci pensiamo domani,Angelina Mango,Ci pensiamo domani,2023-05-12,77,180.184,False,85.7,66.60000000000001,122.045,IT
Fantasmi (feat. Geolier),"Rose Villain, Geolier",Radio Gotham,2023-01-20,75,133.266,False,75.7,76.6,97.971,IT
PARAFULMINI (con Bresh & Fabri Fibra),"Ernia, Bresh, Fabri Fibra",IO NON HO PAURA,2023-05-04,72,208.909,False,78.5,77.4,110.027,IT
Ancora,Rhove,Ancora,2023-06-21,75,171.775,True,73.9,70.0,138.018,IT
Un Altro Mondo (con Tananai & Marracash),"Merk & Kremont, Tananai, Marracash",Un Altro Mondo (con Tananai & Marracash),2023-06-21,76,167.647,False,58.4,91.3,135.987,IT
"LE BAMBINE FANNO OH (feat. Nerissima Serpe, ANNA, Papa V, Artie 5ive)","Sadturs, KIID, Nerissima Serpe, ANNA, Papa V, Artie 5ive",NO REGULAR MUSIC,2023-10-27,63,196.799,True,66.0,86.3,99.888,IT
X CASO (feat. Sfera Ebbasta),"Geolier, Sfera Ebbasta",IL CORAGGIO DEI BAMBINI,2023-01-06,75,215.421,True,78.10000000000001,46.400000000000006,100.021,IT
Un Briciolo Di Allegria (con MINA),"BLANCO, Mina",Innamorato,2023-04-13,75,207.615,False,61.7,70.7,91.925,IT
Rocket (feat. Artie 5ive),"Vale Pain, Bobo, Artie 5ive",Rocket (feat. Artie 5ive),2023-09-07,72,175.133,True,77.8,50.4,147.978,IT
TOP G (feat. Sacky),"Artie 5ive, Sacky",ASPETTANDO LA BELLA VITA,2023-07-20,72,220.255,True,73.4,70.3,89.998,IT
Un milione di volte (feat. Sfera Ebbasta),"Shiva, Sfera Ebbasta",Santana Season,2023-06-09,76,181.714,True,73.3,65.0,140.171,IT
Giro con te,Calcutta ,RELAX,2023-10-20,70,204.106,False,52.7,63.6,79.876,IT
Red Light,Tedua,La Divina Commedia,2023-06-02,74,167.88,False,55.800000000000004,62.4,66.512,IT
"Quevedo: Bzrp Music Sessions, Vol. 52","Bizarrap, Quevedo","Quevedo: Bzrp Music Sessions, Vol. 52",2022-07-06,90,198.937,False,62.1,78.2,128.033,IT
Nato Per Questo,Capo Plaza,Nato Per Questo,2023-10-13,72,167.076,True,58.8,73.9,129.957,IT
CENERE,Lazza,SIRIO,2022-04-07,71,208.323,False,65.2,62.8,119.856,IT
Controtempo,Calcutta ,RELAX,2023-10-20,69,224.562,False,74.8,49.5,94.008,IT
Non lo Sai,Shiva,Milano Demons,2022-11-25,73,228.454,False,58.5,67.80000000000001,127.959,IT
Paradiso Artificiale (feat. Baby Gang & Kid Yugi),"Tedua, Baby Gang, Kid Yugi",La Divina Commedia,2023-06-02,75,162.411,False,74.3,69.3,104.522,IT
In Mezzo ai Guai (feat. Neima Ezza),"Vale Pain, Neima Ezza",In Mezzo ai Guai (feat. Neima Ezza),2023-05-25,71,139.098,True,74.0,85.6,134.957,IT
"Bentley (feat. Simba La Rue, J Lord)","Baby Gang, Simba La Rue, J Lord",INNOCENTE (Deluxe Edition),2023-10-13,71,119.329,True,51.6,74.3,86.578,IT
CHIAGNE (feat. Lazza & Takagi & Ketra),"Geolier, Lazza, Takagi & Ketra",IL CORAGGIO DEI BAMBINI,2023-01-06,71,179.863,False,71.6,73.7,131.947,IT
Is It Over Now? (Taylor's Version) (From The Vault),Taylor Swift,1989 (Taylor's Version),2023-10-26,86,229.477,False,59.599999999999994,65.8,100.012,GB
Now That We Don't Talk (Taylor's Version) (From The Vault),Taylor Swift,1989 (Taylor's Version),2023-10-26,85,146.436,False,79.3,51.2,109.994,GB
Strangers,Kenya Grace,Strangers,2023-09-01,98,172.964,False,62.8,52.300000000000004,169.982,GB
"""Slut!"" (Taylor's Version) (From The Vault)",Taylor Swift,1989 (Taylor's Version),2023-10-26,86,180.381,False,62.9,41.3,77.983,GB
Say Don't Go (Taylor's Version) (From The Vault),Taylor Swift,1989 (Taylor's Version),2023-10-26,86,279.833,False,62.6,54.7,109.946,GB
greedy,Tate McRae,greedy,2023-09-15,99,131.872,True,75.0,73.3,111.018,GB
Style (Taylor's Version),Taylor Swift,1989 (Taylor's Version),2023-10-26,86,231.0,False,57.49999999999999,82.39999999999999,94.971,GB
Prada,"cassö, RAYE, D-Block Europe",Prada,2023-08-11,94,132.359,True,63.800000000000004,71.7,141.904,GB
Water,Tyla,Water,2023-07-28,94,200.255,False,67.30000000000001,72.2,117.187,GB
Paint The Town Red,Doja Cat,Scarlet,2023-09-20,89,230.48,True,86.4,55.60000000000001,99.974,GB
Suburban Legends (Taylor's Version) (From The Vault),Taylor Swift,1989 (Taylor's Version),2023-10-26,84,171.818,False,69.89999999999999,62.1,118.048,GB
Cruel Summer,Taylor Swift,Lover,2019-08-23,100,178.426,False,55.2,70.19999999999999,169.994,GB
Blank Space (Taylor's Version),Taylor Swift,1989 (Taylor's Version),2023-10-26,85,231.833,False,73.7,72.5,96.012,GB
Out Of The Woods (Taylor's Version),Taylor Swift,1989 (Taylor's Version),2023-10-26,85,235.8,False,54.7,88.5,91.992,GB
Welcome To New York (Taylor's Version),Taylor Swift,1989 (Taylor's Version),2023-10-26,85,212.6,False,76.1,60.699999999999996,116.98,GB
Sprinter,"Dave, Central Cee",Sprinter,2023-06-01,93,229.133,True,91.60000000000001,58.3,141.095,GB
vampire,Olivia Rodrigo,GUTS,2023-09-08,96,219.724,True,51.1,53.2,138.005,GB
Wildest Dreams (Taylor's Version),Taylor Swift,1989 (Taylor's Version),2023-10-26,82,220.433,False,58.099999999999994,67.2,140.061,GB
My Love Mine All Mine,Mitski,The Land Is Inhospitable and So Are We,2023-09-15,96,137.773,False,50.4,30.8,113.95,GB
All You Had To Do Was Stay (Taylor's Version),Taylor Swift,1989 (Taylor's Version),2023-10-26,83,193.289,False,58.599999999999994,72.0,97.057,GB
"Baddadan (feat. IRAH, Flowdan, Trigga & Takura)","Chase & Status, Bou, Flowdan, IRAH, Trigga, Takura","Baddadan (feat. IRAH, Flowdan, Trigga & Takura)",2023-07-27,82,177.291,False,62.0,93.5,87.532,GB
Shake It Off (Taylor's Version),Taylor Swift,1989 (Taylor's Version),2023-10-26,83,219.209,False,63.2,80.7,160.055,GB
New Romantics (Taylor's Version),Taylor Swift,1989 (Taylor's Version),2023-10-26,83,230.177,False,65.10000000000001,85.5,121.98,GB
Stick Season,Noah Kahan,Stick Season,2022-10-14,88,182.346,False,66.2,48.8,117.913,GB
I Wish You Would (Taylor's Version),Taylor Swift,1989 (Taylor's Version),2023-10-26,82,207.65,False,66.9,85.1,118.026,GB
Clean (Taylor's Version),Taylor Swift,1989 (Taylor's Version),2023-10-26,82,271.0,False,77.10000000000001,38.6,103.96,GB
How You Get The Girl (Taylor's Version),Taylor Swift,1989 (Taylor's Version),2023-10-26,82,247.533,False,75.4,68.2,120.027,GB
Bad Blood (Taylor's Version),Taylor Swift,1989 (Taylor's Version),2023-10-26,83,211.103,False,61.9,68.60000000000001,169.943,GB
Dance The Night - From Barbie The Album,Dua Lipa,Dance The Night (From Barbie The Album),2023-05-25,94,176.579,False,67.10000000000001,84.5,110.056,GB
I Know Places (Taylor's Version),Taylor Swift,1989 (Taylor's Version),2023-10-26,81,195.7,False,57.49999999999999,80.30000000000001,160.039,GB
Wonderland (Taylor's Version),Taylor Swift,1989 (Taylor's Version),2023-10-26,81,245.566,False,46.2,70.8,183.811,GB
This Love (Taylor’s Version),Taylor Swift,1989 (Taylor's Version),2023-10-26,81,250.1,False,47.4,51.1,144.022,GB
You Are In Love (Taylor's Version),Taylor Swift,1989 (Taylor's Version),2023-10-26,81,267.389,False,53.7,49.5,84.948,GB
"What Was I Made For? [From The Motion Picture ""Barbie""]",Billie Eilish,"What Was I Made For? [From The Motion Picture ""Barbie""]",2023-07-13,96,222.369,False,44.4,9.11,78.403,GB
Disconnect,"Becky Hill, Chase & Status",Disconnect,2023-07-14,81,164.914,True,50.4,97.6,175.048,GB
Dreams - 2004 Remaster,Fleetwood Mac,Rumours (Super Deluxe),1977-02-04,89,257.8,False,82.8,49.2,120.151,GB
adore u,"Fred again.., Obongjayar",adore u,2023-08-11,84,220.653,False,74.7,86.7,124.015,GB
fukumean,Gunna,a Gift & a Curse,2023-06-16,95,125.04,True,84.7,62.2,130.001,GB
Asking,"Sonny Fodera, MK, Clementine Douglas",Asking,2023-07-07,79,191.59,False,47.699999999999996,85.39999999999999,126.965,GB
Mr. Brightside,The Killers,Hot Fuss,2004,88,222.973,False,35.199999999999996,91.10000000000001,148.033,GB
Anti-Hero,Taylor Swift,Midnights,2022-10-21,93,200.69,False,63.7,64.3,97.008,GB
bad idea right?,Olivia Rodrigo,GUTS,2023-09-08,93,184.783,True,62.7,87.9,129.979,GB
IDGAF (feat. Yeat),"Drake, Yeat",For All The Dogs,2023-10-06,94,260.111,True,66.3,67.0,136.952,GB
One Of Your Girls,Troye Sivan,Something To Give Each Other,2023-10-13,87,181.481,False,62.9,65.4,93.034,GB
Daylight,David Kushner,Daylight,2023-04-14,95,212.953,False,50.8,43.0,130.09,GB
Kill Bill,SZA,SOS,2022-12-08,92,153.946,False,64.4,73.5,88.98,GB
get him back!,Olivia Rodrigo,GUTS,2023-09-08,91,211.141,True,54.6,84.6,162.043,GB
(It Goes Like) Nanana - Edit,Peggy Gou,(It Goes Like) Nanana [Edit],2023-06-15,92,231.545,False,67.10000000000001,87.6,129.998,GB
Another Love,Tom Odell,Long Way Down (Deluxe),2013-06-24,92,244.36,True,44.5,53.7,122.769,GB
Rich Baby Daddy (feat. Sexyy Red & SZA),"Drake, Sexyy Red, SZA",For All The Dogs,2023-10-06,88,319.191,True,64.5,72.89999999999999,146.01,GB
